IP Address,Area Code,Phone Number,Search History
076.165.237.194,283,355-0168,is my an adjective
216.197.109.198,561,026-1386,what the weather today
155.179.144.210,305,562-4268,where is my train
099.183.222.173,212,487-6682,was the trojan horse real
012.061.225.209,971,071-5369,zoopla how much is my house worth
139.212.090.236,262,368-6113,When is new years eve?
166.072.107.251,276,553-6311,have thesaurus
068.036.081.092,785,844-8489,is my xbox controller under warranty
163.101.071.249,862,176-2003,state where is my refund
160.253.250.014,804,269-9140,when is 5g coming to my area
166.072.107.251,240,052-4268,is my 6 month old teething
123.148.176.156,336,415-9250,is my service canada down
104.186.006.131,337,849-2664,is my hand broken quiz
216.197.109.198,327,026-1386,do the celtics play tonight
042.170.005.252,774,634-9436,3 is my phone unlocked
086.060.188.194,636,586-5186,en is my mot due
070.193.139.149,865,429-9454,verse the lord is my shepherd
199.116.165.226,612,797-9298,what is my 02
030.168.054.156,410,083-5743,is my tattoo infected
072.063.093.077,959,144-7275,is my vpn working
097.139.034.141,679,515-6621,is my dog dying quiz
036.250.091.019,732,412-0490,is my quarter valuable
074.193.220.206,770,328-0467,02 why is my data not working
041.117.229.110,360,156-2186,is my hairline receding
102.169.165.214,225,071-5369,is my phone hacked
227.179.254.200,541,249-2464,how is cindy from my 600 lb life
054.236.023.129,910,364-4087,would there be a draft for war with russia
139.212.090.236,659,412-0490,is my oven in f or c
144.072.040.120,608,553-6311,is my 600 pound life on netflix
100.067.246.007,234,138-2158,spirit animal what is my
111.014.192.182,775,378-3917,is my yucca plant dead
124.002.108.021,341,001-9590,would theranos have worked
097.139.034.141,971,215-3765,is my knee dislocated
139.212.090.236,520,733-0344,is my 8 month old saying mama
076.124.248.075,907,877-4846,is my rose bush dead
012.061.225.209,206,512-1503,which theme is best reinforced by the excerpt
117.206.217.211,907,569-3549,is my 3 month old eating enough
183.144.239.245,689,071-5369,verse the lord is my shepherd
106.219.004.141,582,830-0391,piano where is my mind
203.042.065.152,912,269-9140,is my quarter valuable
076.124.248.075,573,119-1071,was the trojan war real
252.062.231.081,978,544-8406,dr alban is my life
193.212.027.091,313,364-4087,should the electoral college be abolished
242.004.184.191,757,052-4268,does the moon have gravity
045.207.217.069,361,667-2582,you is my life
153.042.248.096,224,356-4606,lord is my shepherd
193.212.027.091,236,313-9370,your love is my love
054.236.023.129,248,096-2315,why the american dream is unattainable
017.060.072.092,202,096-2315,google what is my password
070.193.139.149,224,328-0467,does the sun move
234.242.058.017,215,364-4087,is my friend a sociopath quiz
199.116.165.226,435,702-9283,is the 0300 number free
107.027.246.232,410,427-6894,are the chrisleys in jail 2022
074.127.005.095,667,249-2464,google what is my account password
043.082.069.139,689,797-9298,who's the smartest person in the world
142.158.052.133,870,831-9228,when the wind blows
160.253.250.014,763,487-6682,xbox one this land is my land
054.236.023.129,557,269-9140,is my mic working
076.124.248.075,432,076-4984,is my zip code
042.170.005.252,236,850-2767,it is my girl
242.004.184.191,256,881-3764,what's Logan Paul's first name?
183.144.239.245,607,850-0029,is my wifi down
050.192.210.004,309,830-0391,is my q free
074.127.005.095,513,721-1587,is my zoom up to date
231.062.248.102,205,553-6311,check how much is my car tax
102.169.165.214,406,544-8406,my dog is 73 days pregnant
203.042.065.152,561,328-0467,who's Elvis Presley's step son
053.199.189.011,978,249-2464,you world is my world
139.250.128.027,908,119-1071,is my understanding correct
043.039.113.012,608,152-8211,is my thumb broken quiz
137.078.157.023,802,634-9436,lyrics where is my love
018.253.179.112,986,138-2158,is my equifax legit
043.039.113.012,901,515-6621,is my 7 year old dyslexic
096.081.029.003,910,553-6311,nhs what is my nhs number
070.090.051.138,507,634-9436,is my newborn eating too much
073.025.178.145,725,702-9283,email address what is my email address
144.072.040.120,602,645-7074,pa where is my refund
170.199.044.002,574,006-3515,nj where is my refund
038.065.181.159,223,877-4846,is my newborn sick
144.072.040.120,509,152-8211,are there crocodiles in florida
237.001.079.008,464,313-9370,Roblox memes.
153.042.248.096,215,831-9228,why is my hair falling out
096.003.036.035,319,083-5743,32-bit or 64-bit which is my computer
054.236.023.129,339,096-2315,7 is my life path number
165.221.249.245,312,173-1199,nhs what is my nhs number
085.154.058.048,585,515-6621,is my yucca plant dead
207.018.156.150,346,014-0425,zodiac sign what is my zodiac sign
227.179.254.200,267,026-1386,2 is my favorite number
010.007.234.182,475,394-4846,is the 0300 number free
231.054.098.112,743,138-2158,jesus christ is my nga
119.132.048.185,364,239-2812,why the flooding in yellowstone
036.250.091.019,856,253-5013,is my dress up darling manga finished
102.169.165.214,347,394-4947,when the game stands tall
171.008.234.105,228,855-4440,is my venus fly trap dead
210.250.078.053,771,394-4846,lyrics where is my love
043.082.069.139,908,368-6113,judas is my mind
010.007.234.182,615,415-9250,is my an adjective
234.242.058.017,602,022-3444,what is 100 days my prince about
144.072.040.120,812,394-4846,dolemite is my name
200.205.052.030,651,138-2158,who the smartest person in the world
072.063.093.077,361,881-3764,2019 Cars.
237.185.156.110,303,269-9140,is my 2 year old advanced
210.252.046.053,380,645-7074,love is my message
252.062.231.081,615,356-4606,words that end with m.
139.250.128.027,615,394-4846,is my switch patched
148.253.202.195,854,311-0658,what is 50 mile radius from my location
207.018.156.150,503,797-9298,you is my life
139.212.090.236,973,071-5369,is my wifi working
149.228.050.179,262,721-1587,will there be a recession
117.206.217.211,712,096-2315,955+31=?
237.001.079.008,812,096-2315,show is my ip
231.054.098.112,227,849-2664,ups is my package lost
163.101.071.249,659,270-3381,had the support of president johnson
013.051.095.065,208,001-9590,quiz what is my spirit animal
070.090.051.138,774,831-9228,google what is my location
097.139.034.141,276,119-1071,was theodore roosevelt a good president
085.154.058.048,435,810-7484,is my kitten sick
068.036.081.092,667,156-2186,is my yucca plant dead
153.042.248.096,931,512-1503,would these arms be in your way
137.078.157.023,959,071-5369,is my 7 month old teething
249.175.124.144,414,562-4268,5446 is my number
183.144.239.245,574,001-9590,ca when is my turn
070.193.139.149,725,378-3917,3 is my life path number
073.025.178.145,762,562-4268,love is my love
139.212.090.236,978,269-9140,viewport what is my
013.051.095.065,314,052-4268,user agent what is my
054.236.023.129,659,239-2812,How do I be tall?
070.193.139.149,828,270-3381,is my kitten overweight
139.212.090.236,785,368-6113,elevation what is my
096.003.036.035,720,681-3418,en is my mot due
249.175.124.144,516,810-7484,sun sign what is my
096.003.036.035,304,562-4268,is my jam synonym
043.082.069.139,640,569-3549,is my number blocked
013.051.095.065,901,394-4846,is my mini rose plant dead
096.081.029.003,618,026-1386,bon jovi is my life
050.231.062.138,331,249-2464,who the son sets free
074.193.220.206,864,850-0029,is my tattoo infected
210.252.046.053,938,723-7521,is my kitten sick
219.067.014.017,309,083-5743,my roommate is a gumiho ep 8
112.002.001.203,781,487-6682,is my eta still valid
112.002.001.203,480,553-6311,is my car registered
094.240.247.196,219,844-8489,is my quiche done
096.081.029.003,448,313-9370,location what is my location
074.193.220.206,573,001-9590,is my 600 pound life coming back
139.212.090.236,704,831-9228,kiskis is my boyfriends are mint candies
096.231.242.205,364,156-2186,is my usb bootable
047.165.244.005,385,253-5013,would there be a draft for war with russia
038.065.181.159,364,849-9921,is my japanese maple dead
053.199.189.011,360,849-2664,for the lord is my shepherd
012.061.225.209,605,850-2767,How many miles away is canada.
171.008.234.105,341,487-6682,now where is my location
099.183.222.173,978,562-4268,is my year of rest and relaxation true
085.154.058.048,475,850-0029,that is my boy
220.064.154.199,414,797-9298,When is christmas
210.252.046.053,534,378-3917,dolemite is my name
207.018.156.150,283,022-3444,have they found noah's ark
099.208.162.168,640,378-3917,is my quarter silver
137.078.157.023,209,850-2767,8 is my life path number
019.204.124.180,205,014-0425,is my life
187.167.081.166,403,352-0013,my roommate is a gumiho ep 8
153.042.248.096,601,269-9140,why the caged bird sings
160.253.250.014,985,253-5013,what is my team 11
096.231.242.205,732,001-9590,ringtone is my name
072.063.093.077,983,415-9250,do the right thing
160.253.250.014,458,394-4947,had thesaurus
123.148.176.156,307,721-1587,do the warriors play tonight
043.039.113.012,516,881-3764,is my tattoo infected
237.001.079.008,336,270-3381,is my show cancelled
096.081.029.003,520,562-4268,Gucci rocks.
137.078.157.023,213,415-9250,is my juniper bonsai dead
047.165.244.005,843,001-9590,6 is my favorite number
220.064.154.199,415,378-3917,is my venus fly trap dead
096.231.242.205,785,156-2186,is my ipad too old to update
148.253.202.195,313,569-3549,can the warden break blocks
166.072.107.251,432,577-7835,is my equifax legit
043.039.113.012,828,515-6621,is my zoloft dose too high
010.007.234.182,534,797-9298,is my quiche done
148.253.202.195,571,144-7275,sun sign what is my
216.197.109.198,601,412-0490,is my outlook calendar visible to others
193.212.027.091,540,083-5743,is my upass active
017.060.072.092,501,116-9891,minecraft.
076.165.237.194,254,544-8406,is my phone locked
139.212.090.236,563,855-4440,minecraft.
210.250.078.053,575,761-1331,google what is my location
073.025.178.145,212,119-1071,where is my 600 stimulus check
242.004.184.191,470,681-3418,xfinity why is my wifi so slow
045.207.217.069,765,209-1056,quilting is my therapy
194.033.129.148,470,156-2186,is my 02 sensor bad
047.165.244.005,919,144-7275,do the right thing
226.037.232.018,220,026-1386,why is my eye twitching
194.033.129.148,326,645-7074,is my neighbor totoro sad
068.036.081.092,507,831-9228,who's the killer in scream 2022
126.166.083.151,509,429-9454,4th dimension is my own mansion
231.054.098.112,757,412-0490,have they found harmony montgomery
237.001.079.008,304,844-8489,will there be a recession
231.054.098.112,253,356-4606,is my foot broken or sprained
210.250.078.053,757,022-3444,email address what is my email address
059.226.157.074,623,427-6894,pledge india is my country
184.113.073.182,314,144-7275,is my thyroid working
249.175.124.144,223,634-9436,would the fbi text you
102.169.165.214,274,152-8211,this is my name
112.002.001.203,734,001-9590,where the red fern grows
099.208.162.168,386,415-9250,Words that end with q.
047.165.244.005,334,394-4947,had the pleasure of meeting
094.240.247.196,970,249-2464,is my upass active
090.159.181.175,862,849-2664,is my kinder egg recall
094.240.247.196,227,356-4606,is my japanese maple dead
097.139.034.141,318,669-5811,birthday when is my birthday
170.199.044.002,612,022-3444,is my 3060 lhr
085.154.058.048,983,429-9454,is my qantas flight on time
163.101.071.249,253,831-9228,coronavirus is my area
117.206.217.211,571,855-4440,is my hero academia manga over
171.008.234.105,401,429-9454,is my 2 year old gifted
219.067.014.017,347,249-2464,would there be a draft for war with russia
148.253.202.195,870,634-9436,3 is my lucky number
017.060.072.092,319,831-9228,ca when is my turn
069.223.093.141,213,761-1331,would the fbi text you
149.228.050.179,802,586-5186,is my oven gas or electric
193.212.027.091,432,415-9250,is my eta still valid
237.185.156.110,281,313-9370,uk how much is my house worth
226.037.232.018,480,022-3444,is the stock market crashing
041.149.233.169,734,487-6682,3 is my life path number
231.054.098.112,301,239-2812,which the batman character are you
217.069.216.197,403,352-0013,spin studios near me
242.004.184.191,563,083-5743,is my russian sage dead
041.117.229.110,615,096-2315,where's my 3rd stimulus check
070.090.051.138,463,429-9454,is my 6 year old depressed
012.061.225.209,309,201-1402,is my antidepressant working quiz
036.250.091.019,281,096-2315,who's the smartest person in the world
193.212.027.091,307,249-2464,is my phone waterproof
202.179.010.133,970,586-5186,is my number blocked
074.193.220.206,918,269-9140,joy of the lord is my strength kjv
099.183.222.173,781,076-4984,is my 9 month old eating enough
144.072.040.120,703,876-1463,vpn what is my ip address
041.149.233.169,582,368-6113,4 is my lucky number
041.149.233.169,443,877-4846,who's the smartest person in the world
216.197.109.198,983,797-9298,how do I tie my shoes in less than 5 seconds
053.199.189.011,447,512-1503,had the gall
068.036.081.092,636,119-1071,m is my life wallpaper
130.182.096.189,605,394-4846,World's strongest man
242.004.184.191,430,645-7074,mysql 8 where is my.ini
070.090.051.138,860,356-4606,For DND Purposes Only
249.175.124.144,351,407-5611,quiz what is my style
126.166.083.151,250,096-2315,graphic design is my passion
139.212.090.236,703,201-1402,does theo die in first kill
154.032.230.067,608,026-1386,is my 2 year old advanced
054.236.023.129,479,253-5013,is my baby teething
070.193.139.149,229,209-1056,what's Obama's first name
043.039.113.012,732,577-7835,is my car registered
231.054.098.112,662,850-2767,what the weather tomorrow
099.208.162.168,509,368-0932,is my strange addiction real
123.148.176.156,401,138-2158,is my uk pension taxable in canada
013.020.037.059,540,855-4440,have the knicks won a championship
085.154.058.048,415,052-4268,Nearest school
013.051.095.065,531,850-0029,0 is my favorite number
010.007.234.182,606,797-9298,did the celtics win
139.212.090.236,447,249-2464,8 is my lucky number
111.014.192.182,236,733-0344,is my little pony disney
237.185.156.110,719,215-3765,When is new years eve?
112.002.001.203,502,026-1386,when the levee breaks
050.192.210.004,216,116-9891,will there be a season 7 of peaky blinders
112.002.001.203,839,378-3917,is my 5 year old gifted
085.154.058.048,308,052-4268,Gucci rocks.
076.124.248.075,508,209-1056,8 is my lucky number
249.175.124.144,470,313-9370,is my year of rest and relaxation true
171.008.234.105,447,849-2664,have they found noah's ark
231.062.248.102,601,249-2464,is my mac too old to update
226.037.232.018,205,562-4268,are the chrisleys in jail 2022
045.207.217.069,983,721-1587,do the warriors play tonight
054.236.023.129,423,850-0029,how the west was won
043.039.113.012,445,368-0932,is my zucchini bad
017.060.072.092,857,249-2464,How To Hard Boil Eggs
096.231.242.205,785,562-4268,is my ipad too old to update
123.148.176.156,719,076-4984,what's Obama's first name
017.060.072.092,623,368-6113,will there be a season 3 of bridgerton
054.236.023.129,463,553-6311,Map of UK
163.101.071.249,423,176-2003,is my 3 month old teething
100.067.246.007,864,239-2812,does the moon rotate
041.149.233.169,320,569-3549,is my juniper dead
194.033.129.148,330,356-4606,is my year of rest and relaxation true
184.113.073.182,281,634-9436,is my queen
226.037.232.018,507,083-5743,birthstone what is my
124.002.108.021,315,645-7074,4th dimension is my own mansion
237.185.156.110,302,368-6113,my oxygen level is 95
112.002.001.203,765,173-1199,you're my best friend
117.206.217.211,207,634-9436,is my flight on time
047.165.244.005,414,116-9891,pledge india is my country
200.205.052.030,267,176-2003,jesus christ is my nga
160.253.250.014,980,026-1386,is my crc legit
163.101.071.249,952,364-4087,my girlfriend is alien season 2
045.078.068.054,314,577-7835,did the lakers make the playoffs
045.078.068.054,478,311-0658,ip address what is my
170.199.044.002,912,667-2582,is my qualification recognised in australia
050.192.210.004,948,427-6894,your love is my drug
050.231.062.138,731,096-2315,who the tallest person in the world
170.199.044.002,541,001-9590,is my nose big
073.025.178.145,248,415-9250,is my yew dead
153.042.248.096,347,544-8406,joy of the lord is my strength kjv
000.156.117.166,563,810-7484,is my computer 32 or 64
086.060.188.194,564,355-0168,is the iphone 13 waterproof
010.007.234.182,352,269-9140,is my mac too old to update
096.003.036.035,346,553-6311,your wish is my command
144.072.040.120,572,022-3444,is my marriage over
210.252.046.053,770,487-6682,when the party's over lyrics
225.095.194.115,432,850-0029,is the 02 in greenwich
231.062.248.102,572,071-5369,what is my 02
202.179.010.133,364,014-0425,it is my love
104.186.006.131,253,001-9590,this is my ip
048.046.150.083,541,797-9298,is my life a dream
142.158.052.133,984,152-8211,kjv the joy of the lord is my strength
237.185.156.110,770,253-5013,ky where is my refund
047.165.244.005,570,577-7835,is my zoloft dose too high
085.154.058.048,403,352-0013,is my blood pressure high
038.065.181.159,314,239-2812,is my dog depressed
096.081.029.003,743,313-9370,when the sun goes down
086.060.188.194,508,378-3917,viewport what is my
226.037.232.018,224,877-4846,did the yankees win today
085.154.058.048,608,364-4087,does the sun rise in the east
019.204.124.180,385,394-4846,is my oc good
076.165.237.194,326,702-9283,xfinity what is my plan
200.205.052.030,281,076-4984,is my neighbor totoro sad
119.132.048.185,607,415-9250,blue is my mind
047.165.244.005,351,512-1503,is my iphone hacked
130.182.096.189,321,071-5369,words that end with m.
252.062.231.081,715,368-0932,train where is my train
163.101.071.249,563,356-4606,keep calm tomorrow is my birthday
252.062.231.081,574,844-8489,2019 where is my refund
074.127.005.095,503,311-0658,check what is my ip
123.148.176.156,434,577-7835,is my zodiac sign my sun sign
149.228.050.179,615,368-6113,was there an earthquake just now
096.081.029.003,203,176-2003,World's strongest skyscraper.
042.170.005.252,227,239-2812,is my car registered
137.078.157.023,434,702-9283,verse the joy of the lord is my strength
149.228.050.179,828,667-2582,9 is my angel number
227.179.254.200,267,876-1463,is my windows 32 or 64
102.169.165.214,651,855-4440,does the moon rotate
137.078.157.023,253,723-7521,jesus is my
107.027.246.232,203,553-6311,when the game stands tall
041.117.229.110,272,844-8489,is my dog happy
137.078.157.023,229,407-5611,virgin media is my area down
193.212.027.091,785,844-8489,your love is my drug
124.002.108.021,248,487-6682,is my an adjective
043.039.113.012,253,849-2664,is my japanese maple dead
018.253.179.112,607,116-9891,02 why is my data not working
139.250.128.027,605,096-2315,is my dog in pain
104.186.006.131,608,269-9140,jesus is my
119.132.048.185,952,071-5369,north node what is my
139.212.090.236,839,761-1331,had the radish
076.124.248.075,910,669-5811,was the marshall plan successful
030.168.054.156,540,702-9283,keep calm tomorrow is my birthday
193.212.027.091,986,083-5743,vaccine when is my turn
148.253.202.195,743,831-9228,xfinity what is my plan
144.072.040.120,571,116-9891,for the joy of the lord is my strength
193.212.027.091,331,001-9590,how much is my stimulus check
047.165.244.005,839,761-1331,is my 7 month old sleeping too much
226.037.232.018,410,328-0467,is my 7 month old teething
050.231.062.138,339,733-0344,how much is my stimulus check
142.158.052.133,603,156-2186,when is the next February 29?
030.168.054.156,540,723-7521,who's the oldest person alive
053.199.189.011,808,270-7992,how to get a life
076.165.237.194,405,328-0467,is my email on a spam list
165.221.249.245,301,830-0391,uscis where is my case status
144.072.040.120,630,026-1386,World's strongest man
160.253.250.014,973,138-2158,verse the lord is my shepherd
043.082.069.139,775,733-0344,is my foot broken or sprained
059.226.157.074,572,877-4846,Nearest hospital.
219.067.014.017,516,253-5013,is my 2 month old teething
163.101.071.249,254,052-4268,en is my mot due
231.054.098.112,252,071-5369,vaccine when is my turn
123.148.176.156,435,311-0658,was the joker in the batman
193.212.027.091,605,415-9250,do the right thing
226.037.232.018,448,356-4606,is my newborn hungry
047.165.244.005,770,355-0168,is my hydrangea dead
200.205.052.030,948,176-2003,ringtone is my name
000.156.117.166,839,096-2315,Words that end with q.
074.193.220.206,539,544-8406,what is my 600 pound life on
144.072.040.120,326,877-4846,what is my hero academia on
074.127.005.095,959,877-4846,public ip address what is my
042.248.096.104,403,352-0013,is my blood pressure high
073.025.178.145,770,116-9891,Where am I
099.183.222.173,959,313-9370,why the long face
036.250.091.019,618,850-0029,do the roar
000.156.117.166,504,026-1386,user agent what is my
220.064.154.199,701,427-6894,gnktvnhltfy
054.236.023.129,301,368-0932,joy of the lord is my strength
074.127.005.095,970,311-0658,is my javascript enabled
074.127.005.095,317,849-9921,is my knee pain serious
200.205.052.030,504,849-9921,where is jt my 600 lb life
018.253.179.112,703,415-9250,lord is my shepherd
249.175.124.144,971,270-7992,2021 where is my stimulus check
126.166.083.151,908,356-4606,why is my tongue white
097.139.034.141,402,311-0658,is my 2 year old advanced
137.078.157.023,403,352-0013,couples fitness activities
099.208.162.168,610,006-3515,do the right thing
099.208.162.168,573,415-9250,is my 9 month old behind
054.236.023.129,307,723-7521,is my water leaking
036.250.091.019,608,176-2003,is my face symmetrical
070.090.051.138,405,830-0391,is my xbox controller under warranty
142.158.052.133,205,702-9283,5 is my favorite number
227.179.254.200,448,850-0029,who's the tallest person in the world
048.046.150.083,828,577-7835,would thesaurus
018.253.179.112,224,173-1199,breed is my cat
085.154.058.048,217,253-5013,will there be a season 5 of ozark
070.193.139.149,629,313-9370,hhhnlqhgfie
047.165.244.005,404,394-4947,do the roar kid
036.250.091.019,505,269-9140,what the world needs now
076.124.248.075,403,352-0013,is my wrist broken or sprained
237.185.156.110,380,515-6621,what's Michael Jackson's first name
160.253.250.014,321,215-3765,are there snakes in hawaii
184.113.073.182,983,239-2812,is my car registered
193.212.027.091,801,270-3381,would there be a draft for ww3
139.250.128.027,975,116-9891,dude where is my car cast
018.253.179.112,656,515-6621,spirit animal what is my
107.027.246.232,763,407-5611,is my 3060 lhr
041.149.233.169,540,311-0658,what the meaning of this symbol
072.063.093.077,419,761-1331,nc where is my refund
148.253.202.195,574,201-1402,8 is my life path number
074.127.005.095,605,083-5743,can the warden break blocks
030.168.054.156,213,877-4846,will the stock market recover
124.002.108.021,484,681-3418,xfinity what is my password
074.193.220.206,770,394-4947,2 is my lucky number
203.042.065.152,816,394-4947,was theodore roosevelt a good president
242.004.184.191,629,152-8211,How do I be rich in less than 2 days
072.063.093.077,206,881-3764,find is my phone
184.113.073.182,361,355-0168,is the flu contagious
139.250.128.027,534,368-0932,Who's Jake Paul's step son
070.193.139.149,205,844-8489,can the warden break blocks
059.226.157.074,901,152-8211,have thesaurus
155.179.144.210,938,850-0029,find is my phone
085.154.058.048,520,368-0932,is my graphics card dying
043.039.113.012,415,544-8406,is my quartz real
012.061.225.209,775,368-0932,vaccine when is my turn
219.067.014.017,240,877-4846,how many kilometers away is UK?
166.102.169.165,403,352-0013,what is the NHANES study?
166.072.107.251,531,797-9298,2 is my favorite 1
013.020.037.059,702,096-2315,is my friend a sociopath quiz
036.250.091.019,725,681-3418,is my 4 year old ready for kindergarten
155.179.144.210,719,407-5611,what's Jake Paul's blood type
194.033.129.148,959,270-3381,Snake videos that are funny
163.101.071.249,775,723-7521,When is new years eve?
048.046.150.083,636,681-3418,xfinity what is my wifi password
076.165.237.194,419,269-9140,birthday when is my birthday
144.072.040.120,443,076-4984,2 is my favorite 1 lyrics
137.078.157.023,856,634-9436,do the roar
160.253.250.014,303,412-0490,email address what is my email address
106.219.004.141,708,721-1587,is my zip code my postal code
045.207.217.069,304,877-4846,rihanna what is my name
220.064.154.199,479,215-3765,how the market works
043.082.069.139,352,515-6621,Who's Jake Paul's step son
163.101.071.249,612,634-9436,train where is my train
252.062.231.081,913,311-0658,is my face symmetrical
019.204.124.180,501,429-9454,kingdom come this is my kingdom come
220.064.154.199,351,577-7835,zillow how much is my house worth
089.071.032.186,326,429-9454,02 what is my number
048.046.150.083,938,006-3515,is my neighbor totoro sad
068.036.081.092,234,239-2812,does the moon have gravity
094.240.247.196,573,022-3444,where is jt my 600 lb life
106.219.004.141,227,427-6894,Words that end with q.
111.014.192.182,930,269-9140,would thesaurus
227.179.254.200,660,215-3765,windows 7 where is my computer
148.253.202.195,305,562-4268,joy of the lord is my strength kjv
237.001.079.008,363,001-9590,when the game stands tall
018.253.179.112,385,876-1463,lyrics this is my life
123.148.176.156,341,849-9921,is my xbox controller bluetooth
074.127.005.095,701,487-6682,are the lakers in the playoffs
042.170.005.252,401,156-2186,7 is my favorite number
117.206.217.211,248,014-0425,World's tallest dog.
193.212.027.091,313,022-3444,dude where is my car cast
200.205.052.030,269,849-2664,have the day you deserve
068.036.081.092,828,407-5611,my dog is 73 days pregnant
203.042.065.152,380,116-9891,is my unit rent controlled
130.182.096.189,854,144-7275,i boy is my
163.101.071.249,470,733-0344,will there be a season 5 of ozark
059.226.157.074,224,634-9436,who the boss cast
005.252.010.007,403,352-0013,symptoms of high blood pressure
183.144.239.245,623,733-0344,it is my love
010.007.234.182,417,176-2003,is my zebra grass dead
227.179.254.200,424,014-0425,now where is my location
069.223.093.141,206,553-6311,is my 600 lb life cancelled
047.165.244.005,938,156-2186,is my oven in f or c
237.001.079.008,463,877-4846,is my 2 month old teething
220.064.154.199,336,022-3444,is my rapid test positive
059.226.157.074,470,681-3418,zoom why is my camera not working
119.132.048.185,432,810-7484,usps where is my package
096.003.036.035,557,667-2582,is my quarter silver
053.199.189.011,708,669-5811,which thermometer is most accurate
104.186.006.131,943,253-5013,is my email blacklisted
216.197.109.198,207,006-3515,is my vyvanse dose too low
106.219.004.141,516,368-6113,when the game stands tall
184.113.073.182,774,681-3418,ringtone is my name
102.169.165.214,303,001-9590,is my zoloft working
130.182.096.189,406,152-8211,had the gall to say
202.179.010.133,205,356-4606,kjv the joy of the lord is my strength
130.182.096.189,310,083-5743,is my year of rest and relaxation true
163.101.071.249,617,173-1199,whatsapp
019.204.124.180,539,849-2664,is my 3 month old teething
225.095.194.115,839,052-4268,was the marshall plan successful
038.065.181.159,816,844-8489,is my girl on netflix
012.061.225.209,541,083-5743,where the sidewalk ends
144.072.040.120,415,394-4947,how much is my refund
142.158.052.133,828,855-4440,is my newborn sleeping too much
237.001.079.008,681,831-9228,9 is my favorite number
171.008.234.105,541,415-9250,should there be a comma before and
038.065.181.159,771,544-8406,How To Hard Boil Eggs
193.212.027.091,283,394-4947,is my nose piercing infected
041.149.233.169,202,368-6113,did the celtics win tonight
054.236.023.129,618,001-9590,which theme is best reinforced by the excerpt
099.208.162.168,603,562-4268,is my uk pension taxable in canada
047.165.244.005,218,116-9891,refund where is my refund
207.018.156.150,319,429-9454,7 is my favorite number
231.062.248.102,704,083-5743,my prolactin level is 40
017.060.072.092,984,394-4846,vpn what is my ip address
179.010.133.018,403,352-0013,spin studios near me
155.179.144.210,413,487-6682,02 why is my data not working
096.081.029.003,252,855-4440,do the cubs play today
085.154.058.048,215,797-9298,How do I be rich in less than 2 days
242.004.184.191,475,355-0168,sun sign what is my
202.179.010.133,948,844-8489,where the wild things are
139.212.090.236,440,001-9590,my blood sugar level is 17
017.060.072.092,203,569-3549,is my 9 week old teething
231.054.098.112,918,176-2003,check where is my car
144.072.040.120,515,176-2003,is my a pronoun
036.250.091.019,985,368-0932,is my vaccine certificate valid
216.197.109.198,330,052-4268,is my 8 month old teething
042.170.005.252,360,253-5013,02 when is my upgrade
100.067.246.007,731,173-1199,spirit animal what is my
124.002.108.021,702,733-0344,did the celtics win
069.223.093.141,928,239-2812,Gucci rocks
227.179.254.200,812,850-0029,en is my mot due
099.208.162.168,504,412-0490,tax is my car
139.250.128.027,570,849-2664,location what is my location
142.158.052.133,274,215-3765,find is my device
086.060.188.194,857,427-6894,jesus is my
194.033.129.148,463,667-2582,is my eta still valid
097.139.034.141,503,569-3549,venus sign what is my
205.052.030.106,403,352-0013,is my life
210.252.046.053,602,083-5743,what is 1-800-my-apple
139.212.090.236,419,586-5186,Get Alton Brown On The Phone
237.185.156.110,484,723-7521,is my essay good checker
013.051.095.065,610,215-3765,are the dodgers playing today
119.132.048.185,352,119-1071,zip code what is my zip code
252.062.231.081,575,515-6621,is my phone hacked
210.252.046.053,948,850-2767,who the boss
249.175.124.144,360,239-2812,vpn what is my ip address
000.156.117.166,679,586-5186,is my 3060 lhr
210.252.046.053,702,209-1056,is my little pony over
050.192.210.004,704,052-4268,is my upass active
203.042.065.152,857,328-0467,is my 5 free
085.154.058.048,435,328-0467,is my newborn sleeping too much
226.037.232.018,640,173-1199,uscis where is my case status
017.060.072.092,210,249-2464,what is covid 19 in my area
090.159.181.175,203,681-3418,ga where is my refund
076.124.248.075,435,249-2464,how much is my stimulus check
043.082.069.139,424,394-4846,who the oldest person in the world
237.001.079.008,305,544-8406,is my email on a spam list
184.113.073.182,310,667-2582,find is my phone
249.175.124.144,580,645-7074,is my 10 nights legit
045.078.068.054,609,844-8489,utah where is my refund
099.208.162.168,220,239-2812,can the liver regenerate
154.032.230.067,434,394-4846,m is my life wallpaper
107.027.246.232,540,152-8211,is my hero academia over
149.228.050.179,980,215-3765,where the sidewalk ends
102.169.165.214,720,152-8211,is my life a dream
227.179.254.200,313,173-1199,dvla how much is my car tax
142.158.052.133,859,201-1402,was the trojan war real
237.185.156.110,734,881-3764,is my oven celsius or fahrenheit
086.060.188.194,715,702-9283,coronavirus is my area
050.231.062.138,448,368-6113,have the knicks won a championship
182.000.156.117,403,352-0013,symptoms of high blood pressure
085.154.058.048,508,733-0344,which there to use
048.046.150.083,715,702-9283,m is my life images
237.185.156.110,520,026-1386,is my voice annoying
231.054.098.112,323,394-4947,is my marriage over
090.159.181.175,239,669-5811,fortnite accounts that got banned.
043.039.113.012,253,022-3444,public ip address what is my
013.020.037.059,662,515-6621,where's my stimulus payment
249.175.124.144,423,368-6113,what is my hero academia on
153.042.248.096,952,723-7521,is my thumb broken quiz
074.127.005.095,631,761-1331,is my mole cancerous
123.148.176.156,931,810-7484,my dog is 73 days pregnant
047.165.244.005,253,215-3765,what the weather today
099.208.162.168,214,427-6894,is my baby sleeping too much
100.067.246.007,603,702-9283,chinese zodiac what is my
237.185.156.110,839,797-9298,song this is my girl
163.101.071.249,803,569-3549,are there snakes in ireland
085.154.058.048,283,083-5743,jesus christ is my living hope
139.250.128.027,928,850-2767,02 why is my data not working
153.042.248.096,262,173-1199,For DND Purposes Only
047.165.244.005,443,269-9140,is my mini rose plant dead
234.242.058.017,603,487-6682,have thesaurus
102.169.165.214,346,849-2664,is my nose big
074.193.220.206,857,415-9250,who the richest man in the world
207.018.156.150,218,515-6621,can therapists diagnose
139.250.128.027,312,253-5013,kingdom come this is my kingdom come
053.199.189.011,216,723-7521,that is my boy
030.168.054.156,305,001-9590,did they find harmony montgomery
193.212.027.091,907,368-6113,my vision for india is 2047
183.144.239.245,769,253-5013,How To Hard Boil Eggs
074.193.220.206,971,849-9921,is my 02 sensor bad
090.159.181.175,218,201-1402,bldlhzjufhn
050.192.210.004,810,877-4846,is my hero academia manga over
030.168.054.156,475,014-0425,was the titanic real
137.078.157.023,209,071-5369,How To Hard Boil Eggs
045.078.068.054,458,368-6113,who's the oldest person alive
124.002.108.021,325,415-9250,kingdom come this is my kingdom come
019.204.124.180,907,269-9140,is my cat depressed
139.212.090.236,975,119-1071,google what is my account password
096.003.036.035,928,855-4440,which theragun to buy
225.095.194.115,217,415-9250,how much is my heritage
216.197.109.198,236,797-9298,where the wild things are
048.046.150.083,913,733-0344,Roblox memes.
045.207.217.069,339,071-5369,who the boss cast
199.116.165.226,608,669-5811,have they found harmony montgomery
149.228.050.179,435,876-1463,2019 Cars.
096.003.036.035,210,702-9283,design graphic is my passion
102.169.165.214,432,270-7992,have the knicks won a championship
210.252.046.053,689,429-9454,is my blueberry bush dead
163.101.071.249,618,544-8406,public ip address what is my
207.018.156.150,308,849-2664,did the suns win
124.002.108.021,301,797-9298,is my water leaking
220.064.154.199,304,412-0490,4 is my favorite number
036.250.091.019,570,006-3515,is my vyvanse dose too low
054.236.023.129,636,394-4947,location what is my location
231.054.098.112,615,378-3917,check how much is my car tax
050.192.210.004,763,830-0391,is my apple watch waterproof
045.207.217.069,602,586-5186,did the warriors win
148.253.202.195,659,427-6894,ga where is my refund
097.139.034.141,769,355-0168,is my usb bootable
126.166.083.151,313,877-4846,is my newborn sick
160.253.250.014,938,394-4846,is my zoom up to date
076.165.237.194,980,076-4984,my dog is 73 days pregnant
107.027.246.232,816,378-3917,what the weather
094.240.247.196,602,096-2315,is my qantas flight on time
155.179.144.210,769,144-7275,What Is A Bird Exactly?
139.250.128.027,585,810-7484,should the voting age be lowered
119.132.048.185,606,249-2464,utah where is my refund
086.060.188.194,502,026-1386,xfinity why is my wifi not working
242.004.184.191,656,215-3765,is the 05 council a scp
050.192.210.004,959,201-1402,have the knicks won a championship
203.042.065.152,283,119-1071,is my zodiac sign my sun sign
099.183.222.173,341,681-3418,is my a pronoun
124.002.108.021,618,429-9454,when the wind blows
047.165.244.005,234,721-1587,beatles this is my life
119.132.048.185,563,026-1386,is my spouse a dependent
099.183.222.173,571,071-5369,check where is my refund
018.253.179.112,301,723-7521,rihanna what is my name
076.124.248.075,770,006-3515,is my oven celsius or fahrenheit
163.101.071.249,208,378-3917,how much is my heritage
139.212.090.236,505,721-1587,02 what is my number
117.206.217.211,316,022-3444,resolution what is my
139.250.128.027,479,850-0029,why is my eye twitching
054.236.023.129,681,026-1386,check what is my ip
048.046.150.083,602,270-7992,is my queen
050.192.210.004,207,249-2464,is my instagram hacked
153.042.248.096,347,415-9250,2 is my favorite 1 lyrics
006.131.042.170,403,352-0013,symptoms of high blood pressure
163.101.071.249,386,269-9140,8 is my favorite number
170.199.044.002,856,681-3418,is my upass active
149.228.050.179,251,562-4268,google is my activity
047.165.244.005,616,201-1402,it is my love
045.207.217.069,978,830-0391,how is my ip
107.027.246.232,706,830-0391,who's the boss cast
050.231.062.138,309,249-2464,joy of the lord is my strength
200.205.052.030,870,429-9454,how much is my social security
096.231.242.205,573,176-2003,is my foot broken
179.112.045.207,403,352-0013,spin studios near me
054.236.023.129,971,427-6894,today weather is my location
155.179.144.210,517,844-8489,where is samantha from my 600 lb life
153.042.248.096,503,364-4087,kbb how much is my car worth
107.027.246.232,223,014-0425,is my rapid test positive
012.061.225.209,251,096-2315,for the lord is my shepherd
191.112.002.001,403,352-0013,jesus is my savior
137.078.157.023,317,569-3549,why is my eye twitching
038.065.181.159,413,152-8211,is my life
207.018.156.150,616,877-4846,02 what is my number
059.226.157.074,256,014-0425,what's Jake Paul's blood type
097.139.034.141,412,702-9283,is my mic working
252.062.231.081,570,144-7275,id is my gangnam beauty
144.072.040.120,856,544-8406,hhhnlqhgfie
099.208.162.168,725,544-8406,my blood sugar level is 17
183.144.239.245,445,877-4846,demon queen is my wife
038.065.181.159,605,368-6113,is the 0345 number free
018.253.179.112,712,544-8406,is my website down
038.065.181.159,651,138-2158,where is my 600 stimulus check
013.051.095.065,309,849-2664,where is my refund
050.231.062.138,323,830-0391,Get Alton Brown On The Phone
171.008.234.105,908,415-9250,check where is my car
142.158.052.133,608,412-0490,bon jovi is my life
089.071.032.186,781,544-8406,is bsnl 4g available in my area
139.250.128.027,401,138-2158,Gucci rocks.
010.007.234.182,605,116-9891,is my newborn eating too much
207.018.156.150,262,215-3765,is my hero academia over
199.116.165.226,413,412-0490,is my vaccine certificate valid
050.192.210.004,307,515-6621,is my 3 month old teething
070.193.139.149,228,830-0391,fortnite accounts that got banned.
094.240.247.196,360,577-7835,utah where is my refund
059.226.157.074,689,026-1386,love is my love
047.165.244.005,706,577-7835,did the bucks win
048.046.150.083,712,156-2186,xfinity what is my plan
170.199.044.002,606,515-6621,is my friend a sociopath quiz
226.037.232.018,572,515-6621,dvla is my car insured
126.166.083.151,423,415-9250,Who's Jake Paul's step son
249.175.124.144,267,052-4268,fortnite accounts that got banned.
193.212.027.091,210,830-0391,jesus is my friend
043.039.113.012,413,083-5743,is my thumb broken quiz
252.062.231.081,224,415-9250,xfinity is my internet down
099.183.222.173,980,876-1463,what is 100 days my prince about
142.158.052.133,504,723-7521,what the font
096.003.036.035,202,733-0344,is my name written there
220.064.154.199,803,427-6894,graphic design is my passion
086.060.188.194,712,681-3418,is my vaccine certificate valid
123.148.176.156,843,156-2186,birthstone what is my
041.117.229.110,571,702-9283,my girlfriend is alien season 2
194.033.129.148,609,645-7074,is the stock market crashing
102.169.165.214,360,512-1503,ethnicity what is my
112.002.001.203,274,681-3418,is my 02 down
153.042.248.096,346,855-4440,usps where is my package
111.014.192.182,715,083-5743,is my dog depressed
099.208.162.168,480,723-7521,is my 9 month old eating enough
142.158.052.133,862,328-0467,is my computer 32 or 64
041.149.233.169,408,144-7275,is my 7 week old teething
155.179.144.210,602,412-0490,judas is my mind
119.132.048.185,605,577-7835,02 when is my upgrade
237.185.156.110,616,553-6311,resolution what is my
030.168.054.156,659,553-6311,had the gall
111.014.192.182,478,378-3917,is my zucchini bad
096.003.036.035,214,001-9590,dancing is my room
094.240.247.196,763,006-3515,is my a pronoun
012.061.225.209,276,830-0391,was there an earthquake just now
085.154.058.048,432,209-1056,is my phone locked
070.193.139.149,910,681-3418,is my 50p worth anything
252.062.231.081,826,562-4268,where is my office 365
054.236.023.129,310,515-6621,is my puppy aggressive quiz
193.212.027.091,774,645-7074,is my 8 month old teething
163.101.071.249,253,071-5369,it is my way
202.179.010.133,256,881-3764,Where am I
194.033.129.148,213,849-9921,ga where is my refund
100.067.246.007,309,830-0391,zoom where is my recording
043.082.069.139,309,270-3381,she is my out of league
089.071.032.186,423,119-1071,location what is my location
041.149.233.169,309,721-1587,what is my 5km radius
099.208.162.168,214,116-9891,is my tattoo supposed to peel
096.081.029.003,864,415-9250,how is my location
097.139.034.141,236,378-3917,public ip address what is my
099.183.222.173,763,116-9891,how the word is passed
102.169.165.214,585,415-9250,who's the smartest person in the world
104.186.006.131,254,076-4984,this is my location
010.007.234.182,424,515-6621,sun sign what is my
184.113.073.182,816,429-9454,verse the lord is my shepherd
030.168.054.156,919,761-1331,is my phone locked
216.197.109.198,213,407-5611,is my puppy aggressive quiz
076.124.248.075,862,152-8211,is my vision getting worse
048.046.150.083,334,313-9370,are the chrisleys going to jail
085.154.058.048,216,415-9250,is my 4 year old ready for kindergarten
072.063.093.077,315,797-9298,is my employer a gst/hst registrant
155.179.144.210,959,733-0344,54 46 is my number
119.132.048.185,363,850-0029,is my qashqai j10 or j11
076.165.237.194,470,562-4268,how much is my heritage
144.072.040.120,616,144-7275,is my face symmetrical
074.193.220.206,948,368-6113,is my alberta digital id legit
226.037.232.018,272,634-9436,enemy of my enemy is my friend
242.004.184.191,912,368-0932,That Movie With The Guy
059.226.157.074,681,586-5186,xyxmuzictzc
053.199.189.011,385,849-9921,demon queen is my wife
107.027.246.232,224,586-5186,is my tattoo infected
227.179.254.200,630,328-0467,is my face symmetrical
171.008.234.105,314,721-1587,is my an adjective
231.062.248.102,607,355-0168,890รท63=?
199.116.165.226,769,544-8406,0 is my hero
249.175.124.144,403,352-0013,what is the NHANES study?
074.127.005.095,312,850-2767,m is my life line
045.078.068.054,770,427-6894,is my jeep a jk or jl
112.002.001.203,541,849-2664,is my javascript enabled
036.250.091.019,423,855-4440,is my newborn eating too much
099.208.162.168,317,487-6682,patronus what is my
102.169.165.214,971,761-1331,what is my chart
193.212.027.091,330,515-6621,is my zodiac sign my sun sign
123.148.176.156,440,831-9228,9 is my life path number
212.027.091.202,403,352-0013,couples fitness activities
171.008.234.105,704,394-4947,is my ground beef bad
231.062.248.102,513,831-9228,how many kilometers away is UK?
048.046.150.083,279,669-5811,is my kinder egg recall
220.064.154.199,854,797-9298,what the weather
148.253.202.195,231,368-6113,why the flooding in yellowstone
153.042.248.096,407,412-0490,who's Logan Paul's sister
068.036.081.092,262,328-0467,family is my
107.027.246.232,219,270-7992,quiz what is my style
090.159.181.175,313,026-1386,is my russian sage dead
193.212.027.091,336,876-1463,3 is my life path number
210.252.046.053,212,026-1386,is my juniper bonsai dead
070.193.139.149,618,394-4947,your love is my love
074.127.005.095,912,215-3765,is my 2 year old color blind
219.067.014.017,731,394-4947,is my cat in heat
231.062.248.102,209,001-9590,is my cat stressed
154.032.230.067,640,586-5186,2019 where is my refund
231.054.098.112,631,553-6311,is my newborn eating too much
207.018.156.150,253,850-2767,are the celtics playing tonight
207.018.156.150,913,553-6311,is my 600 pound life coming back
184.113.073.182,401,209-1056,is my nose big
096.231.242.205,360,209-1056,which thermometer is most accurate
090.159.181.175,907,830-0391,zoom webinar is my camera on
038.065.181.159,804,797-9298,quiz what is my aesthetic
117.206.217.211,918,415-9250,judas is my mind
216.197.109.198,731,733-0344,zoom where is my recording
085.154.058.048,228,270-7992,have the suns won a championship
170.199.044.002,403,352-0013,what is the NHANES study?
073.025.178.145,339,311-0658,is my spouse a dependent canada
076.124.248.075,612,249-2464,9 is my life path number
070.193.139.149,640,176-2003,is my 8 month old saying mama
043.039.113.012,360,412-0490,eminem my name is my name is
045.078.068.054,516,830-0391,is my xbox controller under warranty
237.001.079.008,440,026-1386,is my nose piercing infected
155.179.144.210,202,721-1587,uk how much is my car worth
171.008.234.105,234,681-3418,is my knee dislocated
106.219.004.141,901,083-5743,how is my location
068.036.081.092,580,116-9891,is the 0 or 1 on
099.208.162.168,912,723-7521,is my kitten in heat
237.001.079.008,763,026-1386,why is my tongue white
166.072.107.251,464,849-2664,is my iphone listening to me
139.250.128.027,412,076-4984,is my email on a spam list
210.250.078.053,810,702-9283,is my zoloft dose too high
107.027.246.232,406,586-5186,is my windows 32 or 64
155.179.144.210,272,394-4846,is my tv 4k
059.226.157.074,651,881-3764,will there be a recession
045.078.068.054,678,849-9921,is my ipad too old to update
194.033.129.148,513,761-1331,why is my stomach growling so much
043.039.113.012,563,830-0391,beatles this is my life
210.250.078.053,636,634-9436,how the turntables
089.071.032.186,574,215-3765,what is my chart
199.116.165.226,239,702-9283,have they found anything on oak island
043.039.113.012,430,201-1402,is my juniper dead
013.020.037.059,564,544-8406,When is christmas
234.242.058.017,616,850-2767,joy of the lord is my strength kjv
202.179.010.133,765,412-0490,do the roar
249.175.124.144,313,014-0425,find is my phone
070.193.139.149,214,877-4846,birthstone what is my
112.002.001.203,307,702-9283,zoom why is my camera not working
165.221.249.245,928,733-0344,joy of the lord is my strength
070.193.139.149,679,810-7484,your bestie is my bestie
249.175.124.144,719,239-2812,xyxmuzictzc
137.078.157.023,513,669-5811,how much is my 02 bill
072.063.093.077,303,356-4606,which the batman character are you
070.090.051.138,810,577-7835,how is lacey from my 600 lb life
166.072.107.251,539,355-0168,had the time of my life
017.060.072.092,415,076-4984,is my cat in heat
220.064.154.199,330,634-9436,is the 0345 number free
200.205.052.030,223,831-9228,Words that end with q.
231.054.098.112,217,569-3549,is my dog happy
102.169.165.214,640,733-0344,is my oven celsius or fahrenheit
184.113.073.182,843,831-9228,is my rose bush dead
200.205.052.030,301,407-5611,4 is my lucky number
163.101.071.249,236,006-3515,is my 9 month old sleeping too much
165.221.249.245,475,313-9370,is my vision getting worse
111.014.192.182,948,855-4440,bon jovi is my life
130.182.096.189,419,569-3549,was theodore roosevelt a good president
155.179.144.210,270,645-7074,8 is my life path number
099.208.162.168,812,850-2767,is my dog dying quiz
210.252.046.053,586,512-1503,because this is my first life
231.062.248.102,541,577-7835,How do I be rich in less than 2 days
210.252.046.053,502,355-0168,does the moon have gravity
160.253.250.014,248,026-1386,xbox one this land is my land
073.025.178.145,458,830-0391,is my dress up darling good
019.204.124.180,425,311-0658,who's the oldest person alive
010.007.234.182,605,311-0658,zoom where is my recording
018.253.179.112,410,116-9891,is my puppy aggressive quiz
160.253.250.014,561,877-4846,what the health
019.204.124.180,605,253-5013,jesus christ is my living hope
070.193.139.149,828,562-4268,is my vyvanse dose too high
112.002.001.203,448,844-8489,ca when is my turn
099.208.162.168,617,544-8406,my vision for india is 2047
000.156.117.166,860,407-5611,is my newborn hungry
069.223.093.141,703,215-3765,she is my out of league
139.250.128.027,978,429-9454,9 is my lucky number
139.250.128.027,208,881-3764,is my ankle sprained or broken
227.179.254.200,629,270-7992,is my year of rest and relaxation true
000.156.117.166,810,562-4268,elevation what is my
096.081.029.003,503,702-9283,Cat videos
242.004.184.191,971,249-2464,justin bieber this is my world
171.008.234.105,509,797-9298,is my friend a sociopath quiz
019.204.124.180,689,849-9921,is my kitten in heat
053.199.189.011,973,797-9298,is my 9 month old behind
237.185.156.110,229,083-5743,tax is my car
227.179.254.200,220,116-9891,had the gall
086.060.188.194,223,667-2582,nhs what is my nhs number
231.054.098.112,656,215-3765,is my oc good
153.042.248.096,314,201-1402,is my hero academia manga over
104.186.006.131,407,328-0467,can the president declare war
203.042.065.152,312,328-0467,zucchero she is my baby
102.169.165.214,360,669-5811,Map of mexico
139.250.128.027,771,014-0425,is my kitten teething
220.064.154.199,778,152-8211,patronus what is my
041.149.233.169,225,119-1071,is my xbox controller under warranty
000.156.117.166,320,001-9590,would there be a draft for war with russia
149.228.050.179,575,394-4846,have the suns won a championship
047.165.244.005,423,173-1199,do the roar kid
096.081.029.003,870,810-7484,is my dog in pain
045.207.217.069,475,844-8489,xbox why is my mic not working
050.231.062.138,307,844-8489,when the party's over lyrics
013.020.037.059,948,368-6113,is my zip code my postal code
048.046.150.083,980,586-5186,is my girl on netflix
089.071.032.186,406,810-7484,is my yeti dishwasher safe
200.205.052.030,312,026-1386,who's the boss cast
047.165.244.005,423,269-9140,did the cubs win today
041.149.233.169,305,116-9891,green is my valley
154.032.230.067,870,001-9590,download where is my train app
123.148.176.156,231,515-6621,m is my life line
072.063.093.077,616,328-0467,who the son sets free
225.095.194.115,862,415-9250,do the warriors play tonight
050.231.062.138,214,026-1386,is my internet down
163.101.071.249,943,681-3418,how much is my heritage
123.148.176.156,326,176-2003,what is covid 19 in my area
094.240.247.196,231,096-2315,queen love is my life
000.156.117.166,408,364-4087,ups is my package lost
045.078.068.054,930,831-9228,is my iphone listening to me
054.236.023.129,617,378-3917,rihanna what is my name
099.208.162.168,323,014-0425,cat videos that are funny
069.223.093.141,563,368-6113,would the fbi text you
165.221.249.245,308,119-1071,is my 02 sensor bad
099.183.222.173,502,119-1071,will there be a season 5 of all american
170.199.044.002,901,412-0490,is my baby cold at night
042.170.005.252,321,022-3444,is my phone locked
019.204.124.180,484,515-6621,my blood sugar level is 17
200.205.052.030,931,138-2158,chinese zodiac what is my
069.223.093.141,464,076-4984,location what is my location
149.228.050.179,606,096-2315,was there an earthquake just now
013.051.095.065,704,544-8406,is my zoloft dose too high
119.132.048.185,351,076-4984,is my phone waterproof
072.063.093.077,605,239-2812,a is my life line dp
234.242.058.017,734,116-9891,is my jaw out of place
227.179.254.200,227,850-2767,who the smartest person in the world
199.116.165.226,205,667-2582,is my zip code my postal code
231.054.098.112,678,364-4087,it is my school
210.252.046.053,606,006-3515,is my computer 32 or 64
226.037.232.018,541,026-1386,when is 5g coming to my area
100.067.246.007,919,849-9921,why is my stomach growling so much
017.060.072.092,539,119-1071,how the west was won cast
219.067.014.017,434,249-2464,which theme is common to the two excerpts
045.078.068.054,580,239-2812,is my 2 year old done with naps
041.149.233.169,253,176-2003,did the suns win
153.042.248.096,252,394-4846,was the titanic real
053.199.189.011,765,368-6113,is my ankle sprained or broken
042.170.005.252,617,810-7484,is the 05 council a scp
048.046.150.083,812,569-3549,cat videos that are funny
137.078.157.023,520,562-4268,this is my school
148.253.202.195,435,797-9298,words that end with b
043.082.069.139,608,831-9228,are there snakes in ireland
096.231.242.205,703,810-7484,is my vehicle registered
090.159.181.175,308,645-7074,is my eta still valid
183.144.239.245,985,253-5013,is my little pony over
227.179.254.200,912,723-7521,which the office character are you
111.014.192.182,520,355-0168,did the yankees win today
053.199.189.011,518,152-8211,do the roar kid
043.082.069.139,464,201-1402,this is my school
004.141.242.004,403,352-0013,how much is my pillow
076.165.237.194,239,083-5743,ringtone is my name
165.221.249.245,212,313-9370,which theme is addressed in both excerpts
048.046.150.083,228,156-2186,is my 9 week old teething
045.078.068.054,346,844-8489,is my number blocked
149.228.050.179,214,116-9891,email address what is my email address
139.212.090.236,424,723-7521,9 is my lucky number
068.036.081.092,631,215-3765,is my little pony over
030.168.054.156,317,014-0425,your wish is my command
074.127.005.095,386,669-5811,when the bough breaks
160.253.250.014,870,076-4984,rare is my birthday
012.061.225.209,582,831-9228,3 is my phone unlocked
094.240.247.196,513,512-1503,is my yew dead
050.192.210.004,281,355-0168,is my graphics card dying
203.042.065.152,731,052-4268,would the us defend taiwan
249.175.124.144,762,850-2767,had the gall to say
100.067.246.007,212,209-1056,zodiac sign what is my zodiac sign
100.067.246.007,213,553-6311,is my qualification recognised in australia
149.228.050.179,308,071-5369,when the wind blows
219.067.014.017,432,429-9454,why the flooding in yellowstone
012.061.225.209,250,119-1071,is bsnl 4g available in my area
144.072.040.120,828,849-2664,why the long face
102.169.165.214,301,356-4606,xfinity what is my plan
042.170.005.252,301,407-5611,is my unit rent controlled
117.206.217.211,331,761-1331,is my friend a sociopath quiz
200.205.052.030,501,269-9140,where is amber from my 600 lb life
070.193.139.149,620,355-0168,9 is my life path number
050.231.062.138,636,138-2158,is my 9 week old teething
053.199.189.011,310,138-2158,is my 600 pound life real
045.207.217.069,810,270-7992,check what is my ip
130.182.096.189,443,368-6113,what the world needs now
142.158.052.133,803,850-2767,is my dog happy
013.051.095.065,973,394-4947,what the weather today
100.067.246.007,948,313-9370,how is my train
045.207.217.069,732,249-2464,is my 6 year old depressed
050.192.210.004,573,645-7074,who the boss cast
086.060.188.194,860,249-2464,can the subaltern speak
054.236.023.129,732,269-9140,sun sign what is my
119.132.048.185,458,544-8406,was there an earthquake just now
050.231.062.138,763,394-4846,how much is my heritage
074.127.005.095,236,076-4984,who the boss
231.062.248.102,516,881-3764,is my android phone unlocked
231.062.248.102,430,313-9370,is my wifi 2.4 or 5
041.117.229.110,212,877-4846,is my blueberry bush dead
047.165.244.005,332,173-1199,eminem my name is my name is
225.095.194.115,231,269-9140,my haemoglobin count is 114
070.090.051.138,557,368-6113,would the fbi text you
